,0,500,1000,1500,2000,2500,3000,3500,4000,4500,5000,5500,6000,6500,7000,7500,8000,8500,9000,9500,10000,10500,11000,11500,12000,12500,13000
do_nothing,x,x,x,x,x,x,x,x,1,1,1,1,1,1,1,1,1,1,1,1,1,1,x,x,x,x,x
is_flushing_wire,x,x,x,x,x,x,x,x,0,0,0,0,0,0,0,0,0,0,0,0,0,0,x,x,x,x,x
is_geZero_calc,x,x,x,x,0,0,0,0,0,0,0,0,0,0,0,0,0,0,x,x,x,x,x,x,x,x,x
is_lZero_calc,x,x,x,x,0,0,0,0,0,0,0,0,0,0,0,0,0,0,x,x,x,x,x,x,x,x,x
is_load_calc,x,x,x,x,0,0,0,0,0,0,0,0,0,0,0,0,0,0,x,x,x,x,x,x,x,x,x
is_mis_load,0,0,0,0,0,0,0,0,0,0,0,0,0,0,0,0,0,0,0,0,x,x,x,x,x,x,x
is_mis_st_aft_st_bottom,0,0,0,0,0,0,0,0,0,0,0,0,0,0,0,0,0,0,0,0,0,0,0,0,0,0,x
is_mis_st_aft_st_upper,0,0,0,0,0,0,0,0,0,0,0,0,0,0,0,0,0,0,0,0,0,0,0,0,0,0,x
is_mis_store,0,0,0,0,0,0,0,0,0,0,0,0,0,0,0,0,0,0,0,0,x,x,x,x,x,x,x
is_mis_store_then_mis_load_calc,0,0,0,0,0,0,0,0,0,0,0,0,0,0,0,0,0,0,0,0,0,0,0,0,0,0,x
is_nZero_calc,x,x,x,x,0,0,0,0,0,0,0,0,0,0,0,0,0,0,x,x,x,x,x,x,x,x,x
is_stall,0,0,0,0,0,0,0,0,0,0,0,0,0,0,0,0,0,0,0,0,x,x,x,x,x,x,x
is_store_calc,x,x,x,x,0,0,0,0,0,0,0,0,0,0,0,0,0,0,x,x,x,x,x,x,x,x,x
is_zero_calc,x,x,x,x,0,0,0,0,0,0,0,0,0,0,0,0,0,0,x,x,x,x,x,x,x,x,x
movh_res,xxxxxxxxxxxxxxxx,xxxxxxxxxxxxxxxx,xxxxxxxxxxxxxxxx,xxxxxxxxxxxxxxxx,xxxxxxxxxxxxxxxx,xxxxxxxxxxxxxxxx,xxxxxxxxxxxxxxxx,xxxxxxxxxxxxxxxx,0110100000000000,0110100000000000,0110010100000000,0110010100000000,0110110000000000,0110110000000000,0110110000000000,0110110000000000,0110111100000000,0110111100000000,0000101000000000,0000101000000000,11111111xxxxxxxx,11111111xxxxxxxx,xxxxxxxxxxxxxxxx,xxxxxxxxxxxxxxxx,xxxxxxxxxxxxxxxx,xxxxxxxxxxxxxxxx,xxxxxxxxxxxxxxxx
vb_or_vt_calc,xxxxxxxxxxxxxxxx,xxxxxxxxxxxxxxxx,xxxxxxxxxxxxxxxx,xxxxxxxxxxxxxxxx,xxxxxxxxxxxxxxxx,xxxxxxxxxxxxxxxx,xxxxxxxxxxxxxxxx,xxxxxxxxxxxxxxxx,xxxxxxxxxxxxxxxx,xxxxxxxxxxxxxxxx,xxxxxxxxxxxxxxxx,xxxxxxxxxxxxxxxx,0000000001101000,0000000001101000,0000000001100101,0000000001100101,0000000001101100,0000000001101100,xxxxxxxxxxxxxxxx,xxxxxxxxxxxxxxxx,xxxxxxxxxxxxxxxx,xxxxxxxxxxxxxxxx,xxxxxxxxxxxxxxxx,xxxxxxxxxxxxxxxx,xxxxxxxxxxxxxxxx,xxxxxxxxxxxxxxxx,xxxxxxxxxxxxxxxx
w_mem_en_calc,x,x,x,x,0,0,0,0,0,0,0,0,0,0,0,0,0,0,x,x,x,x,x,x,x,x,x
w_reg_en_calc,x,x,x,x,1,1,1,1,1,1,1,1,1,1,1,1,0,0,x,x,x,x,x,x,x,x,x
vb_or_vt_wire_exec1,xxxxxxxxxxxxxxxx,xxxxxxxxxxxxxxxx,xxxxxxxxxxxxxxxx,xxxxxxxxxxxxxxxx,xxxxxxxxxxxxxxxx,xxxxxxxxxxxxxxxx,xxxxxxxxxxxxxxxx,xxxxxxxxxxxxxxxx,0000000000000000,0000000000000000,0000000000000000,0000000000000000,0000000000000000,0000000000000000,0000000000000000,0000000000000000,0000000000000000,0000000000000000,0000000000000000,0000000000000000,xxxxxxxxxxxxxxxx,xxxxxxxxxxxxxxxx,xxxxxxxxxxxxxxxx,xxxxxxxxxxxxxxxx,xxxxxxxxxxxxxxxx,xxxxxxxxxxxxxxxx,xxxxxxxxxxxxxxxx
va_wire_exec1,xxxxxxxxxxxxxxxx,xxxxxxxxxxxxxxxx,xxxxxxxxxxxxxxxx,xxxxxxxxxxxxxxxx,xxxxxxxxxxxxxxxx,xxxxxxxxxxxxxxxx,xxxxxxxxxxxxxxxx,xxxxxxxxxxxxxxxx,xxxxxxxxxxxxxxxx,xxxxxxxxxxxxxxxx,xxxxxxxxxxxxxxxx,xxxxxxxxxxxxxxxx,xxxxxxxxxxxxxxxx,xxxxxxxxxxxxxxxx,xxxxxxxxxxxxxxxx,xxxxxxxxxxxxxxxx,xxxxxxxxxxxxxxxx,xxxxxxxxxxxxxxxx,0000000000000000,0000000000000000,xxxxxxxxxxxxxxxx,xxxxxxxxxxxxxxxx,xxxxxxxxxxxxxxxx,xxxxxxxxxxxxxxxx,xxxxxxxxxxxxxxxx,xxxxxxxxxxxxxxxx,xxxxxxxxxxxxxxxx
va,xxxxxxxxxxxxxxxx,xxxxxxxxxxxxxxxx,xxxxxxxxxxxxxxxx,xxxxxxxxxxxxxxxx,xxxxxxxxxxxxxxxx,xxxxxxxxxxxxxxxx,xxxxxxxxxxxxxxxx,xxxxxxxxxxxxxxxx,xxxxxxxxxxxxxxxx,xxxxxxxxxxxxxxxx,xxxxxxxxxxxxxxxx,xxxxxxxxxxxxxxxx,xxxxxxxxxxxxxxxx,xxxxxxxxxxxxxxxx,xxxxxxxxxxxxxxxx,xxxxxxxxxxxxxxxx,0000000001101100,0000000001101100,xxxxxxxxxxxxxxxx,xxxxxxxxxxxxxxxx,xxxxxxxxxxxxxxxx,xxxxxxxxxxxxxxxx,xxxxxxxxxxxxxxxx,xxxxxxxxxxxxxxxx,xxxxxxxxxxxxxxxx,xxxxxxxxxxxxxxxx,xxxxxxxxxxxxxxxx
upper_mis_st_val,xxxxxxxxxxxxxxxx,xxxxxxxxxxxxxxxx,xxxxxxxxxxxxxxxx,xxxxxxxxxxxxxxxx,10000110xxxxxxxx,10000110xxxxxxxx,10000110xxxxxxxx,10000110xxxxxxxx,10000110xxxxxxxx,10000110xxxxxxxx,1000011000000000,1000011000000000,1000011000000000,1000011000000000,1000000000000000,1000000000000000,1111111100000000,1111111100000000,0000000x00000000,0000000x00000000,0000000x00000000,0000000x00000000,xxxxxxxxxxxxxxxx,xxxxxxxxxxxxxxxx,xxxxxxxxxxxxxxxx,xxxxxxxxxxxxxxxx,xxxxxxxxxxxxxxxx
true_instr,xxxxxxxxxxxxxxxx,xxxxxxxxxxxxxxxx,xxxxxxxxxxxxxxxx,xxxxxxxxxxxxxxxx,1000011010000000,1000011010000000,1000011001010000,1000011001010000,1000011011000000,1000011011000000,1000011011000000,1000011011000000,1000011011110000,1000011011110000,1000000010100000,1000000010100000,1111111111111111,1111111111111111,xxxxxxxxxxxxxxxx,xxxxxxxxxxxxxxxx,xxxxxxxxxxxxxxxx,xxxxxxxxxxxxxxxx,xxxxxxxxxxxxxxxx,xxxxxxxxxxxxxxxx,xxxxxxxxxxxxxxxx,xxxxxxxxxxxxxxxx,xxxxxxxxxxxxxxxx
sub_res,xxxxxxxxxxxxxxxx,xxxxxxxxxxxxxxxx,xxxxxxxxxxxxxxxx,xxxxxxxxxxxxxxxx,xxxxxxxxxxxxxxxx,xxxxxxxxxxxxxxxx,xxxxxxxxxxxxxxxx,xxxxxxxxxxxxxxxx,xxxxxxxxxxxxxxxx,xxxxxxxxxxxxxxxx,xxxxxxxxxxxxxxxx,xxxxxxxxxxxxxxxx,xxxxxxxxxxxxxxxx,xxxxxxxxxxxxxxxx,xxxxxxxxxxxxxxxx,xxxxxxxxxxxxxxxx,xxxxxxxxxxxxxxxx,xxxxxxxxxxxxxxxx,0000000000000000,0000000000000000,xxxxxxxxxxxxxxxx,xxxxxxxxxxxxxxxx,xxxxxxxxxxxxxxxx,xxxxxxxxxxxxxxxx,xxxxxxxxxxxxxxxx,xxxxxxxxxxxxxxxx,xxxxxxxxxxxxxxxx
rt,xxxx,xxxx,xxxx,xxxx,0000,0000,0000,0000,0000,0000,0000,0000,0000,0000,0000,0000,1111,1111,xxxx,xxxx,xxxx,xxxx,xxxx,xxxx,xxxx,xxxx,xxxx
res_wb,xxxxxxxxxxxxxxxx,xxxxxxxxxxxxxxxx,xxxxxxxxxxxxxxxx,xxxxxxxxxxxxxxxx,xxxxxxxxxxxxxxxx,xxxxxxxxxxxxxxxx,xxxxxxxxxxxxxxxx,xxxxxxxxxxxxxxxx,xxxxxxxxxxxxxxxx,xxxxxxxxxxxxxxxx,0000000001101000,0000000001101000,0000000001100101,0000000001100101,0000000001101100,0000000001101100,0000000001101100,0000000001101100,0000000001101111,0000000001101111,0000000000001010,0000000000001010,11111111xxxxxxxx,11111111xxxxxxxx,xxxxxxxxxxxxxxxx,xxxxxxxxxxxxxxxx,xxxxxxxxxxxxxxxx
res_exec2,xxxxxxxxxxxxxxxx,xxxxxxxxxxxxxxxx,xxxxxxxxxxxxxxxx,xxxxxxxxxxxxxxxx,xxxxxxxxxxxxxxxx,xxxxxxxxxxxxxxxx,xxxxxxxxxxxxxxxx,xxxxxxxxxxxxxxxx,0000000001101000,0000000001101000,0000000001100101,0000000001100101,0000000001101100,0000000001101100,0000000001101100,0000000001101100,0000000001101111,0000000001101111,0000000000001010,0000000000001010,11111111xxxxxxxx,11111111xxxxxxxx,xxxxxxxxxxxxxxxx,xxxxxxxxxxxxxxxx,xxxxxxxxxxxxxxxx,xxxxxxxxxxxxxxxx,xxxxxxxxxxxxxxxx
reg_pc_or_changed,0000000000000000,0000000000000000,0000000000000010,0000000000000010,0000000000000100,0000000000000100,0000000000000110,0000000000000110,0000000000001000,0000000000001000,0000000000001010,0000000000001010,0000000000001100,0000000000001100,0000000000001110,0000000000001110,0000000000010000,0000000000010000,0000000000010010,0000000000010010,xxxxxxxxxxxxxxxx,xxxxxxxxxxxxxxxx,xxxxxxxxxxxxxxxx,xxxxxxxxxxxxxxxx,xxxxxxxxxxxxxxxx,xxxxxxxxxxxxxxxx,xxxxxxxxxxxxxxxx
read_data_2,xxxxxxxxxxxxxxxx,xxxxxxxxxxxxxxxx,xxxxxxxxxxxxxxxx,xxxxxxxxxxxxxxxx,xxxxxxxxxxxxxxxx,xxxxxxxxxxxxxxxx,xxxxxxxxxxxxxxxx,xxxxxxxxxxxxxxxx,xxxxxxxxxxxxxxxx,xxxxxxxxxxxxxxxx,xxxxxxxxxxxxxxxx,xxxxxxxxxxxxxxxx,0000000001101000,0000000001101000,0000000001100101,0000000001100101,0000000001101100,0000000001101100,xxxxxxxxxxxxxxxx,xxxxxxxxxxxxxxxx,xxxxxxxxxxxxxxxx,xxxxxxxxxxxxxxxx,xxxxxxxxxxxxxxxx,xxxxxxxxxxxxxxxx,xxxxxxxxxxxxxxxx,xxxxxxxxxxxxxxxx,xxxxxxxxxxxxxxxx
read_addr_2,xxxx,xxxx,xxxx,xxxx,0000,0000,0000,0000,0000,0000,0000,0000,0000,0000,0000,0000,1111,1111,xxxx,xxxx,xxxx,xxxx,xxxx,xxxx,xxxx,xxxx,xxxx
rb,xxxx,xxxx,xxxx,xxxx,1000,1000,0101,0101,1100,1100,1100,1100,1111,1111,1010,1010,1111,1111,xxxx,xxxx,xxxx,xxxx,xxxx,xxxx,xxxx,xxxx,xxxx
ra,xxxx,xxxx,xxxx,xxxx,0110,0110,0110,0110,0110,0110,0110,0110,0110,0110,0000,0000,1111,1111,xxxx,xxxx,xxxx,xxxx,xxxx,xxxx,xxxx,xxxx,xxxx
opcode,xxxx,xxxx,xxxx,xxxx,1000,1000,1000,1000,1000,1000,1000,1000,1000,1000,1000,1000,1111,1111,xxxx,xxxx,xxxx,xxxx,xxxx,xxxx,xxxx,xxxx,xxxx
movl_res,xxxxxxxxxxxxxxxx,xxxxxxxxxxxxxxxx,xxxxxxxxxxxxxxxx,xxxxxxxxxxxxxxxx,xxxxxxxxxxxxxxxx,xxxxxxxxxxxxxxxx,xxxxxxxxxxxxxxxx,xxxxxxxxxxxxxxxx,0000000001101000,0000000001101000,0000000001100101,0000000001100101,0000000001101100,0000000001101100,0000000001101100,0000000001101100,0000000001101111,0000000001101111,0000000000001010,0000000000001010,1111111111111111,1111111111111111,xxxxxxxxxxxxxxxx,xxxxxxxxxxxxxxxx,xxxxxxxxxxxxxxxx,xxxxxxxxxxxxxxxx,xxxxxxxxxxxxxxxx
misaligned_instr,xxxxxxxxxxxxxxxx,xxxxxxxxxxxxxxxx,xxxxxxxxxxxxxxxx,xxxxxxxxxxxxxxxx,10000000xxxxxxxx,10000000xxxxxxxx,0101000010000110,0101000010000110,1100000010000110,1100000010000110,1100000010000110,1100000010000110,1111000010000110,1111000010000110,1010000010000110,1010000010000110,1111111110000000,1111111110000000,0000000x11111111,0000000x11111111,xxxxxxxxxxxxxxxx,xxxxxxxxxxxxxxxx,xxxxxxxxxxxxxxxx,xxxxxxxxxxxxxxxx,xxxxxxxxxxxxxxxx,xxxxxxxxxxxxxxxx,xxxxxxxxxxxxxxxx
mis_st_val_or_norm,xxxxxxxxxxxxxxxx,xxxxxxxxxxxxxxxx,xxxxxxxxxxxxxxxx,xxxxxxxxxxxxxxxx,xxxxxxxxxxxxxxxx,xxxxxxxxxxxxxxxx,xxxxxxxxxxxxxxxx,xxxxxxxxxxxxxxxx,xxxxxxxxxxxxxxxx,xxxxxxxxxxxxxxxx,0000000000000000,0000000000000000,0000000000000000,0000000000000000,0000000000000000,0000000000000000,0000000000000000,0000000000000000,0000000000000000,0000000000000000,0000000000000000,0000000000000000,xxxxxxxxxxxxxxxx,xxxxxxxxxxxxxxxx,xxxxxxxxxxxxxxxx,xxxxxxxxxxxxxxxx,xxxxxxxxxxxxxxxx
mis_load_val,xxxxxxxxxxxxxxxx,xxxxxxxxxxxxxxxx,xxxxxxxxxxxxxxxx,xxxxxxxxxxxxxxxx,10000000xxxxxxxx,10000000xxxxxxxx,01010000xxxxxxxx,01010000xxxxxxxx,11000000xxxxxxxx,11000000xxxxxxxx,11000000xxxxxxxx,11000000xxxxxxxx,11110000xxxxxxxx,11110000xxxxxxxx,10100000xxxxxxxx,10100000xxxxxxxx,11111111xxxxxxxx,11111111xxxxxxxx,xxxxxxxxxxxxxxxx,xxxxxxxxxxxxxxxx,0000000x10000110,0000000x10000110,xxxxxxxxxxxxxxxx,xxxxxxxxxxxxxxxx,xxxxxxxxxxxxxxxx,xxxxxxxxxxxxxxxx,xxxxxxxxxxxxxxxx
mem_rdata1,xxxxxxxxxxxxxxxx,xxxxxxxxxxxxxxxx,xxxxxxxxxxxxxxxx,xxxxxxxxxxxxxxxx,xxxxxxxxxxxxxxxx,xxxxxxxxxxxxxxxx,xxxxxxxxxxxxxxxx,xxxxxxxxxxxxxxxx,xxxxxxxxxxxxxxxx,xxxxxxxxxxxxxxxx,xxxxxxxxxxxxxxxx,xxxxxxxxxxxxxxxx,xxxxxxxxxxxxxxxx,xxxxxxxxxxxxxxxx,xxxxxxxxxxxxxxxx,xxxxxxxxxxxxxxxx,xxxxxxxxxxxxxxxx,xxxxxxxxxxxxxxxx,xxxxxxxxxxxxxxxx,xxxxxxxxxxxxxxxx,1000011010000000,1000011010000000,xxxxxxxxxxxxxxxx,xxxxxxxxxxxxxxxx,xxxxxxxxxxxxxxxx,xxxxxxxxxxxxxxxx,xxxxxxxxxxxxxxxx
mem_rdata0,xxxxxxxxxxxxxxxx,xxxxxxxxxxxxxxxx,xxxxxxxxxxxxxxxx,xxxxxxxxxxxxxxxx,1000011010000000,1000011010000000,1000011001010000,1000011001010000,1000011011000000,1000011011000000,1000011011000000,1000011011000000,1000011011110000,1000011011110000,1000000010100000,1000000010100000,1111111111111111,1111111111111111,xxxxxxxxxxxxxxxx,xxxxxxxxxxxxxxxx,xxxxxxxxxxxxxxxx,xxxxxxxxxxxxxxxx,xxxxxxxxxxxxxxxx,xxxxxxxxxxxxxxxx,xxxxxxxxxxxxxxxx,xxxxxxxxxxxxxxxx,xxxxxxxxxxxxxxxx
is_sub_calc,x,x,x,x,0,0,0,0,0,0,0,0,0,0,0,0,0,0,x,x,x,x,x,x,x,x,x
is_movl_calc,x,x,x,x,1,1,1,1,1,1,1,1,1,1,1,1,0,0,x,x,x,x,x,x,x,x,x
is_movh_calc,x,x,x,x,0,0,0,0,0,0,0,0,0,0,0,0,0,0,x,x,x,x,x,x,x,x,x
is_loadStore_calc,x,x,x,x,0,0,0,0,0,0,0,0,0,0,0,0,1,1,x,x,x,x,x,x,x,x,x
is_jumping_wire,x,x,x,x,x,x,x,x,0,0,0,0,0,0,0,0,0,0,0,0,0,0,x,x,x,x,x
is_jump_calc,x,x,x,x,0,0,0,0,0,0,0,0,0,0,0,0,0,0,x,x,x,x,x,x,x,x,x
imm_val_calc,xxxxxxxx,xxxxxxxx,xxxxxxxx,xxxxxxxx,01101000,01101000,01100101,01100101,01101100,01101100,01101100,01101100,01101111,01101111,00001010,00001010,11111111,11111111,xxxxxxxx,xxxxxxxx,xxxxxxxx,xxxxxxxx,xxxxxxxx,xxxxxxxx,xxxxxxxx,xxxxxxxx,xxxxxxxx
hijack_or_reg,xxxxxxxxxxxxxxxx,xxxxxxxxxxxxxxxx,xxxxxxxxxxxxxxxx,xxxxxxxxxxxxxxxx,xxxxxxxxxxxxxxxx,xxxxxxxxxxxxxxxx,xxxxxxxxxxxxxxxx,xxxxxxxxxxxxxxxx,xxxxxxxxxxxxxxxx,xxxxxxxxxxxxxxxx,xxxxxxxxxxxxxxxx,xxxxxxxxxxxxxxxx,xxxxxxxxxxxxxxxx,xxxxxxxxxxxxxxxx,xxxxxxxxxxxxxxxx,xxxxxxxxxxxxxxxx,0000000000000000,0000000000000000,xxxxxxxxxxxxxxxx,xxxxxxxxxxxxxxxx,xxxxxxxxxxxxxxxx,xxxxxxxxxxxxxxxx,xxxxxxxxxxxxxxxx,xxxxxxxxxxxxxxxx,xxxxxxxxxxxxxxxx,xxxxxxxxxxxxxxxx,xxxxxxxxxxxxxxxx
halt_calc,x,x,x,x,0,0,0,0,0,0,0,0,0,0,0,0,1,1,x,x,x,x,x,x,x,x,x
forward_va_exec1,xxxxxxxxxxxxxxxx,xxxxxxxxxxxxxxxx,xxxxxxxxxxxxxxxx,xxxxxxxxxxxxxxxx,xxxxxxxxxxxxxxxx,xxxxxxxxxxxxxxxx,xxxxxxxxxxxxxxxx,xxxxxxxxxxxxxxxx,xxxxxxxxxxxxxxxx,xxxxxxxxxxxxxxxx,xxxxxxxxxxxxxxxx,xxxxxxxxxxxxxxxx,xxxxxxxxxxxxxxxx,xxxxxxxxxxxxxxxx,xxxxxxxxxxxxxxxx,xxxxxxxxxxxxxxxx,0000000000000000,0000000000000000,xxxxxxxxxxxxxxxx,xxxxxxxxxxxxxxxx,xxxxxxxxxxxxxxxx,xxxxxxxxxxxxxxxx,xxxxxxxxxxxxxxxx,xxxxxxxxxxxxxxxx,xxxxxxxxxxxxxxxx,xxxxxxxxxxxxxxxx,xxxxxxxxxxxxxxxx
correct_instr,xxxxxxxxxxxxxxxx,xxxxxxxxxxxxxxxx,xxxxxxxxxxxxxxxx,xxxxxxxxxxxxxxxx,xxxxxxxxxxxxxxxx,xxxxxxxxxxxxxxxx,xxxxxxxxxxxxxxxx,xxxxxxxxxxxxxxxx,0000000000000010,0000000000000010,0000000000000100,0000000000000100,0000000000000110,0000000000000110,0000000000001000,0000000000001000,0000000000001010,0000000000001010,0000000000001100,0000000000001100,0000000000001110,0000000000001110,xxxxxxxxxxxxxxxx,xxxxxxxxxxxxxxxx,xxxxxxxxxxxxxxxx,xxxxxxxxxxxxxxxx,xxxxxxxxxxxxxxxx
clk,1,0,1,0,1,0,1,0,1,0,1,0,1,0,1,0,1,0,1,0,1,0,1,0,1,0,1
bp_out,0000000000000010,0000000000000010,0000000000000100,0000000000000100,0000000000000110,0000000000000110,0000000000001000,0000000000001000,0000000000001010,0000000000001010,0000000000001100,0000000000001100,0000000000001110,0000000000001110,0000000000010000,0000000000010000,0000000000010010,0000000000010010,0000000000010100,0000000000010100,0000000000010110,0000000000010110,xxxxxxxxxxxxxxxx,xxxxxxxxxxxxxxxx,xxxxxxxxxxxxxxxx,xxxxxxxxxxxxxxxx,xxxxxxxxxxxxxxxx
bottom_mis_st_val,xxxxxxxxxxxxxxxx,xxxxxxxxxxxxxxxx,xxxxxxxxxxxxxxxx,xxxxxxxxxxxxxxxx,xxxxxxxxxxxxxxxx,xxxxxxxxxxxxxxxx,xxxxxxxxxxxxxxxx,xxxxxxxxxxxxxxxx,xxxxxxxxxxxxxxxx,xxxxxxxxxxxxxxxx,00000000xxxxxxxx,00000000xxxxxxxx,00000000xxxxxxxx,00000000xxxxxxxx,00000000xxxxxxxx,00000000xxxxxxxx,00000000xxxxxxxx,00000000xxxxxxxx,00000000xxxxxxxx,00000000xxxxxxxx,0000000010000000,0000000010000000,xxxxxxxxxxxxxxxx,xxxxxxxxxxxxxxxx,xxxxxxxxxxxxxxxx,xxxxxxxxxxxxxxxx,xxxxxxxxxxxxxxxx
buffer_dec,xxxxxxxxxxxxxxxx,xxxxxxxxxxxxxxxx,xxxxxxxxxxxxxxxx,xxxxxxxxxxxxxxxx,xxxxxxxxxxxxxxxx,xxxxxxxxxxxxxxxx,xxxxxxxxxxxxxxxx,xxxxxxxxxxxxxxxx,xxxxxxxxxxxxxxxx,xxxxxxxxxxxxxxxx,xxxxxxxxxxxxxxxx,xxxxxxxxxxxxxxxx,xxxxxxxxxxxxxxxx,xxxxxxxxxxxxxxxx,xxxxxxxxxxxxxxxx,xxxxxxxxxxxxxxxx,xxxxxxxxxxxxxxxx,xxxxxxxxxxxxxxxx,xxxxxxxxxxxxxxxx,xxxxxxxxxxxxxxxx,xxxxxxxxxxxxxxxx,xxxxxxxxxxxxxxxx,xxxxxxxxxxxxxxxx,xxxxxxxxxxxxxxxx,xxxxxxxxxxxxxxxx,xxxxxxxxxxxxxxxx,xxxxxxxxxxxxxxxx
correct_instr_reg,xxxxxxxxxxxxxxxx,xxxxxxxxxxxxxxxx,xxxxxxxxxxxxxxxx,xxxxxxxxxxxxxxxx,xxxxxxxxxxxxxxxx,xxxxxxxxxxxxxxxx,xxxxxxxxxxxxxxxx,xxxxxxxxxxxxxxxx,xxxxxxxxxxxxxxxx,xxxxxxxxxxxxxxxx,0000000000000010,0000000000000010,0000000000000100,0000000000000100,0000000000000110,0000000000000110,0000000000001000,0000000000001000,0000000000001010,0000000000001010,0000000000001100,0000000000001100,0000000000001110,0000000000001110,xxxxxxxxxxxxxxxx,xxxxxxxxxxxxxxxx,xxxxxxxxxxxxxxxx
d_0,0,0,0,0,1,1,1,1,1,1,1,1,1,1,1,1,1,1,1,1,1,1,1,1,1,1,1
delay_vb_or_vt,xxxxxxxxxxxxxxxx,xxxxxxxxxxxxxxxx,xxxxxxxxxxxxxxxx,xxxxxxxxxxxxxxxx,xxxxxxxxxxxxxxxx,xxxxxxxxxxxxxxxx,xxxxxxxxxxxxxxxx,xxxxxxxxxxxxxxxx,xxxxxxxxxxxxxxxx,xxxxxxxxxxxxxxxx,xxxxxxxxxxxxxxxx,xxxxxxxxxxxxxxxx,0000000000000000,0000000000000000,0000000000000000,0000000000000000,0000000000000000,0000000000000000,0000000000000000,0000000000000000,0000000000000000,0000000000000000,0000000000000000,0000000000000000,xxxxxxxxxxxxxxxx,xxxxxxxxxxxxxxxx,xxxxxxxxxxxxxxxx
do_nothing_reg,x,x,x,x,x,x,x,x,x,x,1,1,1,1,1,1,1,1,1,1,1,1,1,1,x,x,x
e_1,0,0,0,0,0,0,1,1,1,1,1,1,1,1,1,1,1,1,1,1,1,1,x,x,x,x,x
e_2,0,0,0,0,0,0,0,0,1,1,1,1,1,1,1,1,1,1,1,1,1,1,1,1,x,x,x
f_1,1,1,1,1,1,1,1,1,1,1,1,1,1,1,1,1,1,1,1,1,1,1,1,1,1,1,1
f_2,0,0,1,1,1,1,1,1,1,1,1,1,1,1,1,1,1,1,1,1,1,1,1,1,1,1,1
halt,0,0,0,0,0,0,0,0,0,0,0,0,0,0,0,0,0,0,0,0,0,0,0,0,1,1,1
halt_dec,x,x,x,x,x,x,0,0,0,0,0,0,0,0,0,0,0,0,1,1,x,x,x,x,x,x,x
halt_exec1,x,x,x,x,x,x,x,x,0,0,0,0,0,0,0,0,0,0,0,0,1,1,x,x,x,x,x
halt_exec2,x,x,x,x,x,x,x,x,x,x,0,0,0,0,0,0,0,0,0,0,0,0,1,1,x,x,x
imm_val_dec,xxxxxxxx,xxxxxxxx,xxxxxxxx,xxxxxxxx,xxxxxxxx,xxxxxxxx,01101000,01101000,01100101,01100101,01101100,01101100,01101100,01101100,01101111,01101111,00001010,00001010,11111111,11111111,xxxxxxxx,xxxxxxxx,xxxxxxxx,xxxxxxxx,xxxxxxxx,xxxxxxxx,xxxxxxxx
imm_val_exec1,xxxxxxxx,xxxxxxxx,xxxxxxxx,xxxxxxxx,xxxxxxxx,xxxxxxxx,xxxxxxxx,xxxxxxxx,01101000,01101000,01100101,01100101,01101100,01101100,01101100,01101100,01101111,01101111,00001010,00001010,11111111,11111111,xxxxxxxx,xxxxxxxx,xxxxxxxx,xxxxxxxx,xxxxxxxx
instruction,xxxxxxxxxxxxxxxx,xxxxxxxxxxxxxxxx,xxxxxxxxxxxxxxxx,xxxxxxxxxxxxxxxx,xxxxxxxxxxxxxxxx,xxxxxxxxxxxxxxxx,1000011010000000,1000011010000000,1000011001010000,1000011001010000,1000011011000000,1000011011000000,1000011011000000,1000011011000000,1000011011110000,1000011011110000,1000000010100000,1000000010100000,1111111111111111,1111111111111111,xxxxxxxxxxxxxxxx,xxxxxxxxxxxxxxxx,xxxxxxxxxxxxxxxx,xxxxxxxxxxxxxxxx,xxxxxxxxxxxxxxxx,xxxxxxxxxxxxxxxx,xxxxxxxxxxxxxxxx
is_flushing,0,0,x,x,x,x,x,x,x,x,0,0,0,0,0,0,0,0,0,0,0,0,0,0,x,x,x
is_frwd_mem_exec2,x,x,x,x,0,0,0,0,0,0,0,0,0,0,0,0,0,0,0,0,0,0,0,0,0,0,0
is_frwd_mem_mis1_exec2,x,x,0,0,0,0,0,0,0,0,0,0,0,0,0,0,0,0,0,0,0,0,0,0,0,0,0
is_frwd_mem_mis2_exec2,x,x,0,0,0,0,0,0,0,0,0,0,0,0,0,0,0,0,0,0,0,0,0,0,0,0,0
is_geZero_dec,x,x,x,x,x,x,0,0,0,0,0,0,0,0,0,0,0,0,0,0,x,x,x,x,x,x,x
is_geZero_exec1,x,x,x,x,x,x,x,x,0,0,0,0,0,0,0,0,0,0,0,0,0,0,x,x,x,x,x
is_geZero_exec2,x,x,x,x,x,x,x,x,x,x,0,0,0,0,0,0,0,0,0,0,0,0,0,0,x,x,x
is_jump_dec,x,x,x,x,x,x,0,0,0,0,0,0,0,0,0,0,0,0,0,0,x,x,x,x,x,x,x
is_jump_exec1,x,x,x,x,x,x,x,x,0,0,0,0,0,0,0,0,0,0,0,0,0,0,x,x,x,x,x
is_jump_exec2,x,x,x,x,x,x,x,x,x,x,0,0,0,0,0,0,0,0,0,0,0,0,0,0,x,x,x
is_jump_wb,x,x,0,0,0,0,0,0,0,0,0,0,0,0,0,0,0,0,0,0,0,0,0,0,0,0,0
is_jump_wb_2,x,x,x,x,0,0,0,0,0,0,0,0,0,0,0,0,0,0,0,0,0,0,0,0,0,0,0
is_jump_wb_3,x,x,x,x,x,x,0,0,0,0,0,0,0,0,0,0,0,0,0,0,0,0,0,0,0,0,0
is_jumping,x,x,x,x,x,x,x,x,x,x,0,0,0,0,0,0,0,0,0,0,0,0,0,0,x,x,x
is_lZero_dec,x,x,x,x,x,x,0,0,0,0,0,0,0,0,0,0,0,0,0,0,x,x,x,x,x,x,x
is_lZero_exec1,x,x,x,x,x,x,x,x,0,0,0,0,0,0,0,0,0,0,0,0,0,0,x,x,x,x,x
is_lZero_exec2,x,x,x,x,x,x,x,x,x,x,0,0,0,0,0,0,0,0,0,0,0,0,0,0,x,x,x
is_load_dec,x,x,x,x,x,x,0,0,0,0,0,0,0,0,0,0,0,0,0,0,x,x,x,x,x,x,x
is_load_exec1,x,x,x,x,x,x,x,x,0,0,0,0,0,0,0,0,0,0,0,0,0,0,x,x,x,x,x
is_load_exec2,x,x,x,x,x,x,x,x,x,x,0,0,0,0,0,0,0,0,0,0,0,0,0,0,x,x,x
is_mis_load_exec1,x,x,0,0,0,0,0,0,0,0,0,0,0,0,0,0,0,0,0,0,0,0,x,x,x,x,x
is_mis_load_exec2,x,x,x,x,0,0,0,0,0,0,0,0,0,0,0,0,0,0,0,0,0,0,0,0,x,x,x
is_mis_st_aft_st_bottom_exec2,x,x,0,0,0,0,0,0,0,0,0,0,0,0,0,0,0,0,0,0,0,0,0,0,0,0,0
is_mis_st_aft_st_upper_exec2,x,x,0,0,0,0,0,0,0,0,0,0,0,0,0,0,0,0,0,0,0,0,0,0,0,0,0
is_mis_store_exec1,x,x,0,0,0,0,0,0,0,0,0,0,0,0,0,0,0,0,0,0,0,0,x,x,x,x,x
is_mis_store_exec2,x,x,x,x,0,0,0,0,0,0,0,0,0,0,0,0,0,0,0,0,0,0,0,0,x,x,x
is_mis_store_then_mis_load_exec1,x,x,0,0,0,0,0,0,0,0,0,0,0,0,0,0,0,0,0,0,0,0,0,0,0,0,0
is_movh_dec,x,x,x,x,x,x,0,0,0,0,0,0,0,0,0,0,0,0,0,0,x,x,x,x,x,x,x
is_movh_exec1,x,x,x,x,x,x,x,x,0,0,0,0,0,0,0,0,0,0,0,0,0,0,x,x,x,x,x
is_movl_dec,x,x,x,x,x,x,1,1,1,1,1,1,1,1,1,1,1,1,0,0,x,x,x,x,x,x,x
is_movl_exec1,x,x,x,x,x,x,x,x,1,1,1,1,1,1,1,1,1,1,1,1,0,0,x,x,x,x,x
is_nZero_dec,x,x,x,x,x,x,0,0,0,0,0,0,0,0,0,0,0,0,0,0,x,x,x,x,x,x,x
is_nZero_exec1,x,x,x,x,x,x,x,x,0,0,0,0,0,0,0,0,0,0,0,0,0,0,x,x,x,x,x
is_nZero_exec2,x,x,x,x,x,x,x,x,x,x,0,0,0,0,0,0,0,0,0,0,0,0,0,0,x,x,x
is_store_dec,x,x,x,x,x,x,0,0,0,0,0,0,0,0,0,0,0,0,0,0,x,x,x,x,x,x,x
is_store_exec1,x,x,x,x,x,x,x,x,0,0,0,0,0,0,0,0,0,0,0,0,0,0,x,x,x,x,x
is_store_exec2,x,x,x,x,x,x,x,x,x,x,0,0,0,0,0,0,0,0,0,0,0,0,0,0,x,x,x
is_sub_dec,x,x,x,x,x,x,0,0,0,0,0,0,0,0,0,0,0,0,0,0,x,x,x,x,x,x,x
is_sub_exec1,x,x,x,x,x,x,x,x,0,0,0,0,0,0,0,0,0,0,0,0,0,0,x,x,x,x,x
is_zero_dec,x,x,x,x,x,x,0,0,0,0,0,0,0,0,0,0,0,0,0,0,x,x,x,x,x,x,x
is_zero_exec1,x,x,x,x,x,x,x,x,0,0,0,0,0,0,0,0,0,0,0,0,0,0,x,x,x,x,x
is_zero_exec2,x,x,x,x,x,x,x,x,x,x,0,0,0,0,0,0,0,0,0,0,0,0,0,0,x,x,x
mem_overload_exec2,xxxxxxxxxxxxxxxx,xxxxxxxxxxxxxxxx,xxxxxxxxxxxxxxxx,xxxxxxxxxxxxxxxx,0000000000000000,0000000000000000,0000000000000000,0000000000000000,0000000000000000,0000000000000000,0000000000000000,0000000000000000,0000000000000000,0000000000000000,0000000000000000,0000000000000000,0000000000000000,0000000000000000,0000000000000000,0000000000000000,0000000000000000,0000000000000000,0000000000000000,0000000000000000,0000000000000000,0000000000000000,0000000000000000
mis_store_then_mis_load_val_exec1,xxxxxxxxxxxxxxxx,xxxxxxxxxxxxxxxx,xxxxxxxxxxxxxxxx,xxxxxxxxxxxxxxxx,xxxxxxxxxxxxxxxx,xxxxxxxxxxxxxxxx,xxxxxxxxxxxxxxxx,xxxxxxxxxxxxxxxx,xxxxxxxxxxxxxxxx,xxxxxxxxxxxxxxxx,xxxxxxxxxxxxxxxx,xxxxxxxxxxxxxxxx,0000000000000000,0000000000000000,0000000000000000,0000000000000000,0000000000000000,0000000000000000,0000000000000000,0000000000000000,0000000000000000,0000000000000000,0000000000000000,0000000000000000,xxxxxxxxxxxxxxxx,xxxxxxxxxxxxxxxx,xxxxxxxxxxxxxxxx
opcode_dec,xxxx,xxxx,xxxx,xxxx,xxxx,xxxx,1000,1000,1000,1000,1000,1000,1000,1000,1000,1000,1000,1000,1111,1111,xxxx,xxxx,xxxx,xxxx,xxxx,xxxx,xxxx
opcode_reg_exec1,xxxx,xxxx,xxxx,xxxx,xxxx,xxxx,xxxx,xxxx,1000,1000,1000,1000,1000,1000,1000,1000,1000,1000,1000,1000,1111,1111,xxxx,xxxx,xxxx,xxxx,xxxx
pc,0000000000000000,0000000000000000,0000000000000010,0000000000000010,0000000000000100,0000000000000100,0000000000000110,0000000000000110,0000000000001000,0000000000001000,0000000000001010,0000000000001010,0000000000001100,0000000000001100,0000000000001110,0000000000001110,0000000000010000,0000000000010000,0000000000010010,0000000000010010,0000000000010100,0000000000010100,00000000000101x0,00000000000101x0,xxxxxxxxxxxxxxxx,xxxxxxxxxxxxxxxx,xxxxxxxxxxxxxxxx
pc_dec,xxxxxxxxxxxxxxxx,xxxxxxxxxxxxxxxx,xxxxxxxxxxxxxxxx,xxxxxxxxxxxxxxxx,0000000000000000,0000000000000000,0000000000000010,0000000000000010,0000000000000100,0000000000000100,0000000000000110,0000000000000110,0000000000001000,0000000000001000,0000000000001010,0000000000001010,0000000000001100,0000000000001100,0000000000001110,0000000000001110,0000000000010000,0000000000010000,00000000000100x0,00000000000100x0,0000000000010xx0,0000000000010xx0,0000000000010xx0
pc_exec1,xxxxxxxxxxxxxxxx,xxxxxxxxxxxxxxxx,xxxxxxxxxxxxxxxx,xxxxxxxxxxxxxxxx,xxxxxxxxxxxxxxxx,xxxxxxxxxxxxxxxx,0000000000000000,0000000000000000,0000000000000010,0000000000000010,0000000000000100,0000000000000100,0000000000000110,0000000000000110,0000000000001000,0000000000001000,0000000000001010,0000000000001010,0000000000001100,0000000000001100,0000000000001110,0000000000001110,0000000000010000,0000000000010000,00000000000100x0,00000000000100x0,0000000000010xx0
pc_exec2,xxxxxxxxxxxxxxxx,xxxxxxxxxxxxxxxx,xxxxxxxxxxxxxxxx,xxxxxxxxxxxxxxxx,xxxxxxxxxxxxxxxx,xxxxxxxxxxxxxxxx,xxxxxxxxxxxxxxxx,xxxxxxxxxxxxxxxx,0000000000000000,0000000000000000,0000000000000010,0000000000000010,0000000000000100,0000000000000100,0000000000000110,0000000000000110,0000000000001000,0000000000001000,0000000000001010,0000000000001010,0000000000001100,0000000000001100,0000000000001110,0000000000001110,0000000000010000,0000000000010000,00000000000100x0
pc_fetch2,xxxxxxxxxxxxxxxx,xxxxxxxxxxxxxxxx,0000000000000000,0000000000000000,0000000000000010,0000000000000010,0000000000000100,0000000000000100,0000000000000110,0000000000000110,0000000000001000,0000000000001000,0000000000001010,0000000000001010,0000000000001100,0000000000001100,0000000000001110,0000000000001110,0000000000010000,0000000000010000,0000000000010010,0000000000010010,0000000000010xx0,0000000000010xx0,0000000000010xx0,0000000000010xx0,xxxxxxxxxxxxxxxx
pc_wb,xxxxxxxxxxxxxxxx,xxxxxxxxxxxxxxxx,xxxxxxxxxxxxxxxx,xxxxxxxxxxxxxxxx,xxxxxxxxxxxxxxxx,xxxxxxxxxxxxxxxx,xxxxxxxxxxxxxxxx,xxxxxxxxxxxxxxxx,xxxxxxxxxxxxxxxx,xxxxxxxxxxxxxxxx,0000000000000000,0000000000000000,0000000000000010,0000000000000010,0000000000000100,0000000000000100,0000000000000110,0000000000000110,0000000000001000,0000000000001000,0000000000001010,0000000000001010,0000000000001100,0000000000001100,0000000000001110,0000000000001110,0000000000010000
ra_dec,xxxx,xxxx,xxxx,xxxx,xxxx,xxxx,0110,0110,0110,0110,0110,0110,0110,0110,0110,0110,0000,0000,1111,1111,xxxx,xxxx,xxxx,xxxx,xxxx,xxxx,xxxx
ra_exec1,xxxx,xxxx,xxxx,xxxx,xxxx,xxxx,xxxx,xxxx,0110,0110,0110,0110,0110,0110,0110,0110,0110,0110,0000,0000,1111,1111,xxxx,xxxx,xxxx,xxxx,xxxx
ra_exec2,xxxx,xxxx,xxxx,xxxx,xxxx,xxxx,xxxx,xxxx,xxxx,xxxx,0110,0110,0110,0110,0110,0110,0110,0110,0110,0110,0000,0000,1111,1111,xxxx,xxxx,xxxx
rb_or_rt_dec,xxxx,xxxx,xxxx,xxxx,xxxx,xxxx,0000,0000,0000,0000,0000,0000,0000,0000,0000,0000,0000,0000,1111,1111,xxxx,xxxx,xxxx,xxxx,xxxx,xxxx,xxxx
rb_or_rt_exec1,xxxx,xxxx,xxxx,xxxx,xxxx,xxxx,xxxx,xxxx,0000,0000,0000,0000,0000,0000,0000,0000,0000,0000,0000,0000,1111,1111,xxxx,xxxx,xxxx,xxxx,xxxx
res_reg_exec2,xxxxxxxxxxxxxxxx,xxxxxxxxxxxxxxxx,xxxxxxxxxxxxxxxx,xxxxxxxxxxxxxxxx,xxxxxxxxxxxxxxxx,xxxxxxxxxxxxxxxx,xxxxxxxxxxxxxxxx,xxxxxxxxxxxxxxxx,xxxxxxxxxxxxxxxx,xxxxxxxxxxxxxxxx,0000000001101000,0000000001101000,0000000001100101,0000000001100101,0000000001101100,0000000001101100,0000000001101100,0000000001101100,0000000001101111,0000000001101111,0000000000001010,0000000000001010,11111111xxxxxxxx,11111111xxxxxxxx,xxxxxxxxxxxxxxxx,xxxxxxxxxxxxxxxx,xxxxxxxxxxxxxxxx
rt_dec,xxxx,xxxx,xxxx,xxxx,xxxx,xxxx,0000,0000,0000,0000,0000,0000,0000,0000,0000,0000,0000,0000,1111,1111,xxxx,xxxx,xxxx,xxxx,xxxx,xxxx,xxxx
rt_exec1,xxxx,xxxx,xxxx,xxxx,xxxx,xxxx,xxxx,xxxx,0000,0000,0000,0000,0000,0000,0000,0000,0000,0000,0000,0000,1111,1111,xxxx,xxxx,xxxx,xxxx,xxxx
rt_exec2,xxxx,xxxx,xxxx,xxxx,xxxx,xxxx,xxxx,xxxx,xxxx,xxxx,0000,0000,0000,0000,0000,0000,0000,0000,0000,0000,0000,0000,1111,1111,xxxx,xxxx,xxxx
va_exec1,xxxxxxxxxxxxxxxx,xxxxxxxxxxxxxxxx,xxxxxxxxxxxxxxxx,xxxxxxxxxxxxxxxx,xxxxxxxxxxxxxxxx,xxxxxxxxxxxxxxxx,xxxxxxxxxxxxxxxx,xxxxxxxxxxxxxxxx,xxxxxxxxxxxxxxxx,xxxxxxxxxxxxxxxx,xxxxxxxxxxxxxxxx,xxxxxxxxxxxxxxxx,xxxxxxxxxxxxxxxx,xxxxxxxxxxxxxxxx,xxxxxxxxxxxxxxxx,xxxxxxxxxxxxxxxx,xxxxxxxxxxxxxxxx,xxxxxxxxxxxxxxxx,0000000000000000,0000000000000000,xxxxxxxxxxxxxxxx,xxxxxxxxxxxxxxxx,xxxxxxxxxxxxxxxx,xxxxxxxxxxxxxxxx,xxxxxxxxxxxxxxxx,xxxxxxxxxxxxxxxx,xxxxxxxxxxxxxxxx
va_exec2,xxxxxxxxxxxxxxxx,xxxxxxxxxxxxxxxx,xxxxxxxxxxxxxxxx,xxxxxxxxxxxxxxxx,xxxxxxxxxxxxxxxx,xxxxxxxxxxxxxxxx,xxxxxxxxxxxxxxxx,xxxxxxxxxxxxxxxx,xxxxxxxxxxxxxxxx,xxxxxxxxxxxxxxxx,xxxxxxxxxxxxxxxx,xxxxxxxxxxxxxxxx,xxxxxxxxxxxxxxxx,xxxxxxxxxxxxxxxx,xxxxxxxxxxxxxxxx,xxxxxxxxxxxxxxxx,xxxxxxxxxxxxxxxx,xxxxxxxxxxxxxxxx,xxxxxxxxxxxxxxxx,xxxxxxxxxxxxxxxx,0000000000000000,0000000000000000,xxxxxxxxxxxxxxxx,xxxxxxxxxxxxxxxx,xxxxxxxxxxxxxxxx,xxxxxxxxxxxxxxxx,xxxxxxxxxxxxxxxx
vb_or_vt_exec1,xxxxxxxxxxxxxxxx,xxxxxxxxxxxxxxxx,xxxxxxxxxxxxxxxx,xxxxxxxxxxxxxxxx,xxxxxxxxxxxxxxxx,xxxxxxxxxxxxxxxx,xxxxxxxxxxxxxxxx,xxxxxxxxxxxxxxxx,0000000000000000,0000000000000000,0000000000000000,0000000000000000,0000000000000000,0000000000000000,0000000000000000,0000000000000000,0000000000000000,0000000000000000,0000000000000000,0000000000000000,xxxxxxxxxxxxxxxx,xxxxxxxxxxxxxxxx,xxxxxxxxxxxxxxxx,xxxxxxxxxxxxxxxx,xxxxxxxxxxxxxxxx,xxxxxxxxxxxxxxxx,xxxxxxxxxxxxxxxx
vb_or_vt_exec2,xxxxxxxxxxxxxxxx,xxxxxxxxxxxxxxxx,xxxxxxxxxxxxxxxx,xxxxxxxxxxxxxxxx,xxxxxxxxxxxxxxxx,xxxxxxxxxxxxxxxx,xxxxxxxxxxxxxxxx,xxxxxxxxxxxxxxxx,xxxxxxxxxxxxxxxx,xxxxxxxxxxxxxxxx,0000000000000000,0000000000000000,0000000000000000,0000000000000000,0000000000000000,0000000000000000,0000000000000000,0000000000000000,0000000000000000,0000000000000000,0000000000000000,0000000000000000,xxxxxxxxxxxxxxxx,xxxxxxxxxxxxxxxx,xxxxxxxxxxxxxxxx,xxxxxxxxxxxxxxxx,xxxxxxxxxxxxxxxx
w_mem_en_dec,x,x,x,x,x,x,0,0,0,0,0,0,0,0,0,0,0,0,0,0,x,x,x,x,x,x,x
w_mem_en_exec1,x,x,x,x,x,x,x,x,0,0,0,0,0,0,0,0,0,0,0,0,0,0,x,x,x,x,x
w_mem_en_exec2,x,x,x,x,x,x,x,x,x,x,0,0,0,0,0,0,0,0,0,0,0,0,0,0,x,x,x
w_reg_en_dec,x,x,x,x,x,x,1,1,1,1,1,1,1,1,1,1,1,1,0,0,x,x,x,x,x,x,x
w_reg_en_exec1,x,x,x,x,x,x,x,x,1,1,1,1,1,1,1,1,1,1,1,1,0,0,x,x,x,x,x
w_reg_en_exec2,x,x,x,x,x,x,x,x,x,x,1,1,1,1,1,1,1,1,1,1,1,1,0,0,x,x,x
was_stall,x,x,0,0,0,0,0,0,0,0,0,0,0,0,0,0,0,0,0,0,0,0,x,x,x,x,x
was_stall2,x,x,x,x,0,0,0,0,0,0,0,0,0,0,0,0,0,0,0,0,0,0,0,0,x,x,x
wb_0,0,0,0,0,0,0,0,0,0,0,1,1,1,1,1,1,1,1,1,1,1,1,1,1,0,0,x
